Kerry,kpowney0@goo.gl,United States,Support
Franz,fhawtrey1@qq.com,Poland,Research and Development
Tabbitha,tlarose2@miibeian.gov.cn,Ukraine,Engineering
Maynard,mtrammel3@webs.com,United States,Marketing
Florian,ffinder4@berkeley.edu,Ukraine,Legal
Redd,rtregunnah5@wikipedia.org,Poland,Sales
Boony,bchoke6@goo.ne.jp,Poland,Marketing
Chickie,cminshull7@loc.gov,United States,Accounting
Bartolomeo,banfossi8@skyrock.com,Poland,Services
Tanitansy,thane9@adobe.com,Ukraine,Marketing
Bennett,bcarra@engadget.com,Poland,Support
Leoline,lhanbidgeb@ibm.com,Poland,Accounting
Terrance,tellimanc@barnesandnoble.com,Poland,Marketing
Teodor,tcopcottd@behance.net,United States,Support
Tess,tcecchie@cdbaby.com,Poland,Research and Development
Clyde,cberreyf@jalbum.net,Ukraine,Marketing
Faustina,fstorieg@sogou.com,United States,Product Management
Almeda,acrokeh@cnbc.com,Poland,Engineering
Goldina,gcopplestonei@shareasale.com,United States,Marketing
Del,dkikkej@ftc.gov,United States,Product Management
Jany,jrennisonk@tripod.com,Ukraine,Business Development
Adriana,adelaeglisel@umn.edu,Ukraine,Support
Brooke,bsilvermannm@friendfeed.com,Poland,Services
Adda,ashambrooken@java.com,Poland,Research and Development
Alissa,akinnairdo@hp.com,United States,Legal
Alexandr,afarrynp@phoca.cz,Poland,Product Management
Elenore,edeernessq@pinterest.com,United States,Product Management
Dody,dbrenardr@tmall.com,Poland,Human Resources
Joycelin,jbeehos@virginia.edu,Ukraine,Research and Development
Aubrey,atinsleyt@slate.com,Poland,Business Development
Querida,qhenricssonu@godaddy.com,Poland,Human Resources
Fax,fonionv@berkeley.edu,Ukraine,Legal
Damara,dsimmensw@smh.com.au,Poland,Research and Development
Robbin,rdugallx@netlog.com,United States,Legal
Coralie,cpimmockey@elpais.com,Ukraine,Training
Odille,omcinteez@trellian.com,United States,Human Resources
Gar,gminard10@phpbb.com,Ukraine,Marketing
Inez,iganter11@sphinn.com,Poland,Product Management
Caril,cgandrich12@qq.com,Ukraine,Legal
Kassi,kconti13@loc.gov,Poland,Accounting
Josiah,jclace14@etsy.com,Poland,Research and Development
Cornell,coscully15@npr.org,United States,Engineering
Cece,cmacshane16@booking.com,Poland,Legal
Jarad,jfowles17@surveymonkey.com,Poland,Legal
Kassie,kvalentin18@posterous.com,Poland,Legal
Harriett,hivashov19@addthis.com,Ukraine,Training
Bobbee,blohden1a@vinaora.com,United States,Accounting
Bernice,bughi1b@angelfire.com,United States,Human Resources
Emmett,ebuttfield1c@prweb.com,Poland,Business Development
Cary,cclimo1d@pinterest.com,United States,Accounting
Emalia,esalvin1e@infoseek.co.jp,Poland,Product Management
Fletch,fgilbert1f@craigslist.org,United States,Legal
Silvano,sphlipon1g@msu.edu,United States,Human Resources
Kariotta,kyakunin1h@cnbc.com,Poland,Sales
Malinde,mmaberley1i@ezinearticles.com,Ukraine,Accounting
Granville,gtemprell1j@dropbox.com,United States,Sales
Catlaina,cnoden1k@narod.ru,United States,Business Development
Jammal,jbrenstuhl1l@miibeian.gov.cn,Poland,Engineering
Ainslie,atorbeck1m@home.pl,Ukraine,Legal
Jena,jbengtsen1n@scientificamerican.com,Poland,Product Management
Farah,finnett1o@shinystat.com,Ukraine,Engineering
Gus,gwaddam1p@acquirethisname.com,Ukraine,Business Development
Frederic,fholmyard1q@webs.com,Poland,Business Development
Alyson,adunbobin1r@zdnet.com,Poland,Services
Ezra,edall1s@wiley.com,Poland,Sales
Teirtza,thayball1t@microsoft.com,Poland,Human Resources
Herb,hreary1u@sourceforge.net,Ukraine,Research and Development
Zandra,zborn1v@pagesperso-orange.fr,United States,Research and Development
Zak,zoade1w@unblog.fr,Poland,Product Management
Bernice,bcahillane1x@behance.net,United States,Sales
Joshuah,jconan1y@histats.com,Poland,Human Resources
Bevin,btunuy1z@virginia.edu,Poland,Engineering
Mohandis,mmckeag20@blogspot.com,Poland,Research and Development
Gusta,grames21@wikia.com,Poland,Sales
Korrie,kabercromby22@prlog.org,Ukraine,Support
Wes,wvasilyev23@dell.com,United States,Support
Nataline,nmeriguet24@blinklist.com,United States,Human Resources
Kyla,kpedycan25@hud.gov,United States,Legal
Ebba,egoaley26@columbia.edu,Poland,Business Development
Cathyleen,cbratty27@cbsnews.com,United States,Product Management
Walt,wgayther28@narod.ru,Poland,Human Resources
Korry,kmurgatroyd29@yahoo.co.jp,Poland,Accounting
Krissie,kozanne2a@businessinsider.com,Poland,Sales
Angeline,aneilson2b@yelp.com,Poland,Marketing
Roslyn,rpalethorpe2c@tripod.com,Poland,Accounting
Loutitia,lswadlinge2d@last.fm,Poland,Accounting
Jaine,jtrivett2e@pen.io,Ukraine,Accounting
Gianina,gwyrall2f@google.com.au,Poland,Accounting
Kassie,kcasaccio2g@shinystat.com,Poland,Product Management
Scarlet,sbenettini2h@alibaba.com,United States,Legal
Odetta,olorimer2i@intel.com,United States,Support
Lolly,lczaja2j@yandex.ru,Poland,Product Management
Clemmie,cgromley2k@miibeian.gov.cn,United States,Support
Meredith,mmilkeham2l@un.org,Poland,Legal
Alvera,agravells2m@huffingtonpost.com,United States,Marketing
Engelbert,ephoebe2n@google.pl,United States,Human Resources
Cherin,ckirvell2o@linkedin.com,Poland,Training
Athene,askeldon2p@merriam-webster.com,Ukraine,Training
Babbie,bfrenchum2q@cocolog-nifty.com,United States,Training
Sheridan,sbachmann2r@sfgate.com,Ukraine,Training
Aimil,amcisaac2s@a8.net,Poland,Business Development
Susi,sbartholomieu2t@guardian.co.uk,Poland,Research and Development
Luis,lmawdsley2u@addthis.com,Poland,Services
Frederich,ftrusty2v@bloglines.com,Poland,Training
Lynnette,lsanders2w@chronoengine.com,United States,Human Resources
Bren,bseedull2x@godaddy.com,Ukraine,Business Development
Cicily,cpickering2y@amazonaws.com,United States,Services
Chandler,cjohnston2z@msu.edu,Ukraine,Support
Farrah,fgiordano30@washingtonpost.com,Ukraine,Sales
Cami,cbeckett31@51.la,Poland,Accounting
Geralda,gverdey32@google.cn,Poland,Legal
Karleen,kmityakov33@sina.com.cn,United States,Accounting
Mohandis,mhutson34@tuttocitta.it,Poland,Human Resources
Jabez,jtwort35@51.la,Poland,Marketing
Enrica,ecoplestone36@w3.org,United States,Human Resources
Pebrook,ppepys37@toplist.cz,Ukraine,Research and Development
Andee,amaggs38@dot.gov,Poland,Business Development
Scott,szorer39@newsvine.com,Poland,Engineering
Nonie,nmustchin3a@flavors.me,Poland,Research and Development
Almira,ajaggs3b@foxnews.com,Ukraine,Legal
Olag,olimon3c@unc.edu,United States,Human Resources
Blinny,bscoggins3d@alexa.com,Poland,Services
Salomon,sdavet3e@accuweather.com,Poland,Services
Sanderson,slukianov3f@wikipedia.org,Poland,Product Management
Ofella,omaciocia3g@photobucket.com,United States,Human Resources
Madel,mbright3h@xrea.com,Poland,Business Development
Bran,blarwood3i@omniture.com,Poland,Engineering
Bessie,bsummerlee3j@sogou.com,Poland,Services
Silvanus,sleeuwerink3k@toplist.cz,United States,Human Resources
Hedda,hwilbore3l@shinystat.com,United States,Services
Ralph,rhaygreen3m@un.org,United States,Business Development
Guillaume,gwhiteoak3n@google.cn,Poland,Research and Development
Frasier,fbauser3o@harvard.edu,Ukraine,Training
Gregg,gbenne3p@hostgator.com,Poland,Accounting
Dar,dkave3q@example.com,Ukraine,Engineering
Morgan,mhuburn3r@tripod.com,United States,Training
Gianina,ghullah3s@tamu.edu,United States,Human Resources
Aurelea,aboatwright3t@cam.ac.uk,Poland,Services
Diane,dpeck3u@studiopress.com,Poland,Training
Alastair,aberthomieu3v@nba.com,United States,Accounting
Perrine,pkiessel3w@oracle.com,Poland,Product Management
Jake,jgotfrey3x@dmoz.org,Ukraine,Engineering
Dean,dforestel3y@elegantthemes.com,United States,Sales
Storm,sbloxholm3z@europa.eu,United States,Training
Nady,nnewbury40@cam.ac.uk,Ukraine,Services
Bran,bweavill41@cnbc.com,Ukraine,Business Development
Janette,jalred42@so-net.ne.jp,United States,Accounting
Lisbeth,lmacdiarmid43@wp.com,United States,Support
Stefanie,sshorto44@networksolutions.com,Ukraine,Engineering
Dennet,dzupone45@imageshack.us,Poland,Accounting
Hillary,hshepland46@illinois.edu,Ukraine,Engineering
Dimitry,dandrzejczak47@nydailynews.com,United States,Marketing
Frederique,fcerith48@npr.org,Poland,Services
Hamilton,hcasetti49@imgur.com,Poland,Legal
Eadmund,ecarrick4a@zimbio.com,Poland,Legal
Benedetto,bscarrisbrick4b@archive.org,Poland,Support
Edin,eellerton4c@earthlink.net,Ukraine,Legal
Sigismund,sveck4d@ox.ac.uk,Poland,Training
Rog,rohdirscoll4e@wikimedia.org,Poland,Legal
Rachael,rsturdey4f@hud.gov,Poland,Services
Reiko,rgoakes4g@nsw.gov.au,United States,Human Resources
Jethro,jramsted4h@java.com,Poland,Marketing
Hersh,hmcentee4i@mediafire.com,Poland,Business Development
Tabbie,tfrancescuzzi4j@ning.com,Ukraine,Support
Greer,gbernhart4k@nba.com,Poland,Accounting
L;urette,ltreherne4l@cloudflare.com,Ukraine,Services
Colver,ctregiddo4m@bing.com,Ukraine,Sales
Karola,kcambell4n@barnesandnoble.com,United States,Services
Ailene,adwane4o@unicef.org,Ukraine,Product Management
Christin,cburnapp4p@loc.gov,Poland,Sales
Brewer,bmackenney4q@github.com,Ukraine,Support
Briant,breichert4r@jugem.jp,United States,Services
Denice,dbrennenstuhl4s@sciencedaily.com,Poland,Services
Lula,lfritz4t@delicious.com,Poland,Human Resources
Shellie,sruckert4u@stanford.edu,Poland,Research and Development
Stefanie,sogrowgane4v@vimeo.com,Poland,Legal
Lewes,lstiller4w@baidu.com,United States,Business Development
Nonah,noneal4x@ustream.tv,Poland,Marketing
Nara,ntommeo4y@economist.com,Ukraine,Accounting
Janenna,jtomlins4z@wikipedia.org,Poland,Engineering
Gianna,glillicrop50@slate.com,Poland,Business Development
Maurizia,mpenni51@virginia.edu,Poland,Sales
Zaccaria,zweatherby52@sciencedaily.com,Poland,Support
Adan,abignell53@flickr.com,Poland,Accounting
Spense,sgrishukhin54@harvard.edu,United States,Training
Traver,tsheeran55@studiopress.com,Poland,Marketing
Kylila,kgammett56@liveinternet.ru,Poland,Accounting
Rolland,rhitscher57@omniture.com,Poland,Business Development
Angelika,ablackstone58@over-blog.com,Ukraine,Marketing
Cointon,cspencelayh59@cnet.com,United States,Human Resources
Cordey,cbasnall5a@tinyurl.com,Ukraine,Human Resources
Alison,agaudin5b@virginia.edu,United States,Research and Development
Sandye,sscobie5c@house.gov,United States,Sales
Tandi,tkohnen5d@technorati.com,United States,Sales
Aleen,aesberger5e@facebook.com,Poland,Sales
Tamqrah,tcuming5f@vimeo.com,Poland,Services
Libbey,ltranfield5g@multiply.com,Poland,Legal
Nicholle,ngerlts5h@columbia.edu,Poland,Sales
Cortney,cvivian5i@wikispaces.com,Ukraine,Research and Development
Dara,dkerwick5j@tripod.com,Ukraine,Research and Development
Briggs,bdaws5k@uiuc.edu,Poland,Research and Development
Arlana,apfaffe5l@wix.com,Poland,Accounting
Timothee,tyushmanov5m@blinklist.com,Poland,Product Management
Bobbe,bpadgett5n@oaic.gov.au,Poland,Sales
Eydie,eperroni5o@bbc.co.uk,Poland,Product Management
Minne,mthurner5p@elpais.com,Poland,Human Resources
Geoff,gashworth5q@hugedomains.com,United States,Sales
Normie,ncogzell5r@altervista.org,United States,Services
Wendeline,wputson5s@uol.com.br,United States,Product Management
Annissa,apeppard5t@deliciousdays.com,Ukraine,Research and Development
Hieronymus,helce5u@tripadvisor.com,Ukraine,Engineering
Ab,agervaise5v@cnn.com,Ukraine,Product Management
Thomas,tpionter5w@globo.com,Ukraine,Marketing
Alaster,astarling5x@telegraph.co.uk,Poland,Research and Development
Brigid,bcreeghan5y@miibeian.gov.cn,Poland,Marketing
Cathi,cpilmer5z@furl.net,Ukraine,Accounting
Pet,poduggan60@flickr.com,Poland,Training
Norman,nantcliff61@de.vu,United States,Sales
Dennie,dbooler62@zimbio.com,United States,Support
Troy,tklima63@slashdot.org,Ukraine,Business Development
Anabelle,ahainey64@google.fr,Poland,Accounting
Case,cofield65@discovery.com,Poland,Sales
Nap,ndunnett66@qq.com,Poland,Human Resources
Steffi,smarmyon67@yolasite.com,Ukraine,Training
Hyacinthia,hwildman68@barnesandnoble.com,Poland,Legal
Taddeusz,tlozano69@geocities.com,Poland,Marketing
Adrien,amolan6a@sitemeter.com,United States,Training
Elyssa,eschriren6b@nymag.com,Ukraine,Research and Development
Selma,slegrove6c@ameblo.jp,Poland,Support
Erie,edinnis6d@wix.com,Ukraine,Legal
Luz,lgreder6e@hostgator.com,Ukraine,Support
Giorgio,ggravet6f@latimes.com,Ukraine,Human Resources
Lisha,lrate6g@t-online.de,Ukraine,Sales
Jaclin,jkittredge6h@biglobe.ne.jp,United States,Legal
Noll,ncornborough6i@ameblo.jp,Ukraine,Training
Anson,agirdwood6j@cnbc.com,Poland,Support
Mercy,mpoynzer6k@irs.gov,Ukraine,Research and Development
Corrina,cdalgliesh6l@yelp.com,United States,Engineering
Sandra,sromanini6m@amazon.com,Poland,Support
Loree,lcalvey6n@cocolog-nifty.com,Poland,Services
Natassia,nsandells6o@purevolume.com,Poland,Business Development
Ranique,rarnauduc6p@slate.com,Poland,Research and Development
Gizela,gjustham6q@yahoo.co.jp,United States,Accounting
Amelie,alytlle6r@typepad.com,United States,Business Development
Irwinn,ibenitti6s@vk.com,United States,Human Resources
Vilma,vnanninini6t@cloudflare.com,Poland,Support
Stevy,ssouness6u@privacy.gov.au,Ukraine,Human Resources
Winfield,walentyev6v@devhub.com,Poland,Services
Parker,psteenson6w@woothemes.com,Poland,Human Resources
Eda,ekemster6x@furl.net,United States,Sales
Marji,mebbitt6y@example.com,Poland,Sales
Janeen,jstarzaker6z@tamu.edu,Poland,Human Resources
Olimpia,okleinstern70@mediafire.com,United States,Accounting
Essie,ewhartonby71@gov.uk,United States,Support
Wayland,wiveans72@nifty.com,Ukraine,Research and Development
Heddie,housbie73@sbwire.com,Poland,Services
Francklin,fbucher74@hugedomains.com,United States,Sales
Aurilia,arapelli75@amazon.de,Poland,Legal
Zerk,zgilfoyle76@mail.ru,United States,Marketing
Gussy,gjakoviljevic77@pagesperso-orange.fr,Poland,Engineering
Mary,mlarosa78@zimbio.com,Ukraine,Training
Jeanette,jgloucester79@slate.com,Poland,Training
Dru,dbolino7a@gravatar.com,Poland,Training
Tessa,tgostick7b@ifeng.com,Poland,Product Management
Linus,lbinne7c@ucoz.ru,United States,Human Resources
Kellie,kardling7d@bloglovin.com,United States,Research and Development
Johann,jmccowen7e@imageshack.us,Poland,Human Resources
Bertram,bgoligly7f@t.co,United States,Human Resources
Yancy,yliddiatt7g@ovh.net,Poland,Marketing
Jerrold,jmowday7h@fastcompany.com,Poland,Marketing
Joel,jchominski7i@google.cn,United States,Human Resources
Sharai,scaddan7j@mysql.com,Ukraine,Legal
Nickie,ncunio7k@icio.us,United States,Human Resources
Washington,wpiotrowski7l@newyorker.com,United States,Accounting
Alyssa,amckune7m@ow.ly,Ukraine,Sales
Madlen,mtreagus7n@smh.com.au,Ukraine,Research and Development
Brandyn,bkinnen7o@blogs.com,Poland,Product Management
Candie,cgoforth7p@bbc.co.uk,United States,Product Management
Ambrose,asanchis7q@purevolume.com,Poland,Training
Vincenz,vlessmare7r@upenn.edu,Ukraine,Research and Development
Lorrayne,lnorris7s@privacy.gov.au,Poland,Services
Molli,mmitchenson7t@quantcast.com,Poland,Product Management
Kare,kerskin7u@whitehouse.gov,United States,Human Resources
Darnell,drigeby7v@msu.edu,United States,Sales
Gabriell,gstovell7w@uiuc.edu,Poland,Legal
Gayelord,gphilpot7x@google.nl,Ukraine,Research and Development
Oliver,omichelet7y@issuu.com,Poland,Services
Jens,jcuttles7z@yale.edu,United States,Research and Development
Catherine,cnorrington80@stumbleupon.com,Poland,Accounting
Ellen,eowain81@ihg.com,Poland,Support
Henrie,hbroady82@techcrunch.com,Poland,Engineering
Bernard,blansberry83@plala.or.jp,United States,Support
Anatola,awalewicz84@adobe.com,Poland,Services
Sashenka,smcart85@telegraph.co.uk,Poland,Accounting
Hayley,hvongrollmann86@w3.org,United States,Accounting
Agretha,aquartermain87@dropbox.com,Ukraine,Engineering
Colet,cfike88@w3.org,Poland,Services
Dev,dmcpake89@google.co.uk,Poland,Accounting
Fleur,flamers8a@senate.gov,United States,Human Resources
Bernard,bcossum8b@wordpress.org,United States,Legal
Janelle,jjerok8c@free.fr,Poland,Business Development
Noni,nbernette8d@xinhuanet.com,Poland,Research and Development
Austine,amckellen8e@gmpg.org,United States,Human Resources
Agatha,alorence8f@nsw.gov.au,Poland,Accounting
Kippy,kgirardengo8g@istockphoto.com,Poland,Legal
Andros,amcevon8h@macromedia.com,Ukraine,Business Development
Basilius,bmatteuzzi8i@boston.com,United States,Support
Wendall,whorbart8j@ask.com,Ukraine,Training
Gerardo,gmulderrig8k@phpbb.com,United States,Legal
Kalie,kslesser8l@php.net,Ukraine,Product Management
Herb,hpatifield8m@webeden.co.uk,Poland,Engineering
Krystalle,kmcrorie8n@kickstarter.com,Ukraine,Sales
Richart,rbrandts8o@reddit.com,Poland,Research and Development
Kirby,kcurran8p@reddit.com,Ukraine,Training
Erick,eenrigo8q@addtoany.com,Poland,Accounting
Mab,mbeaney8r@posterous.com,Ukraine,Support
Maurie,mbratton8s@soup.io,United States,Marketing
Korey,kstebbing8t@un.org,Ukraine,Marketing
Theresa,tgreene8u@sphinn.com,United States,Services
Dianemarie,ddecopeman8v@over-blog.com,United States,Engineering
Aurelia,amenauteau8w@weebly.com,Poland,Accounting
Francyne,fcollinson8x@sun.com,United States,Research and Development
Tod,tsearjeant8y@etsy.com,Ukraine,Marketing
Anders,akellitt8z@baidu.com,Ukraine,Sales
Elyse,egrishanin90@1und1.de,Ukraine,Accounting
Lindsey,ldreschler91@so-net.ne.jp,Ukraine,Training
Dyna,djago92@buzzfeed.com,Poland,Business Development
Ravi,ransill93@usa.gov,United States,Marketing
Morty,mmallam94@zdnet.com,United States,Business Development
Garald,gosorio95@plala.or.jp,United States,Research and Development
Donalt,dkasperski96@google.it,Poland,Human Resources
Remy,rsilkstone97@woothemes.com,United States,Engineering
Annabal,acoultass98@myspace.com,Poland,Marketing
Reggi,rmilne99@sfgate.com,Poland,Product Management
Eldon,elaister9a@usnews.com,Poland,Research and Development
Elmira,efiller9b@abc.net.au,Poland,Engineering
Tammara,tcosker9c@wiley.com,Poland,Services
Natalya,nwelden9d@wix.com,Poland,Marketing
Leanora,lhalfpenny9e@parallels.com,United States,Human Resources
Kandy,kragsdall9f@vkontakte.ru,Ukraine,Human Resources
Gerhardt,glatimer9g@t-online.de,Ukraine,Accounting
Rupert,rind9h@angelfire.com,Ukraine,Training
Pedro,pkester9i@theguardian.com,United States,Legal
Bealle,blyddyard9j@nhs.uk,Poland,Research and Development
Ortensia,obeckinsall9k@dion.ne.jp,Poland,Legal
Ingeborg,isealy9l@unblog.fr,United States,Research and Development
Eleen,erussilll9m@discuz.net,Ukraine,Business Development
Nichol,ndeanesy9n@reuters.com,Poland,Sales
Tome,tstorm9o@webnode.com,Poland,Product Management
Lotty,lbroady9p@nationalgeographic.com,United States,Engineering
Shell,skeirle9q@tamu.edu,Poland,Engineering
Gunter,gcomberbeach9r@flavors.me,United States,Product Management
Selia,smoraleda9s@sitemeter.com,United States,Training
Walliw,wdomange9t@reference.com,Poland,Human Resources
Mahala,mlearned9u@yale.edu,Ukraine,Sales
Chicky,cpalke9v@telegraph.co.uk,Poland,Engineering
Margret,mkline9w@comsenz.com,Poland,Engineering
Rochell,reuston9x@aboutads.info,Poland,Services
Lindie,lclubley9y@woothemes.com,Ukraine,Engineering
Tasha,tdelnevo9z@drupal.org,United States,Training
Olly,olhommeaua0@sciencedaily.com,Poland,Human Resources
Gretta,gbuxama1@webeden.co.uk,Poland,Product Management
Lidia,lackhursta2@cocolog-nifty.com,United States,Legal
Dave,dridesa3@loc.gov,Poland,Research and Development
Fey,fjandaca4@domainmarket.com,Ukraine,Human Resources
Wilbur,wmellersa5@epa.gov,United States,Accounting
Alma,aiacomoa6@digg.com,United States,Sales
Curt,cdykinsa7@patch.com,Poland,Support
Nissie,nvannsa8@craigslist.org,Ukraine,Training
Susann,shedaua9@163.com,Poland,Business Development
Gustave,gthornaa@usnews.com,Poland,Product Management
Corrianne,cwindleyab@biglobe.ne.jp,United States,Legal
Carmine,cbenfieldac@walmart.com,Poland,Product Management
Freddi,fpirduead@si.edu,Ukraine,Research and Development
Boycey,bgounardae@wunderground.com,United States,Human Resources
Eustace,etolleraf@newyorker.com,United States,Services
Sven,skeenlysideag@hao123.com,Poland,Accounting
Iormina,imillah@reuters.com,Ukraine,Research and Development
Elna,ecaswallai@alexa.com,United States,Sales
Cam,csuarezaj@economist.com,Poland,Business Development
Shayla,sgosnellak@blogtalkradio.com,United States,Human Resources
Joan,jebunoluwaal@miitbeian.gov.cn,Poland,Support
Lexi,laldissam@dot.gov,Ukraine,Engineering
Ambrosio,alaudhaman@mlb.com,Ukraine,Marketing
Sonja,sphelitao@dell.com,United States,Engineering
Sonja,skasparap@businesswire.com,Ukraine,Product Management
Hewett,hgilvaryaq@bbb.org,United States,Human Resources
Antoni,abirkmyrear@sciencedirect.com,Poland,Product Management
Glen,gmcgennisas@abc.net.au,United States,Accounting
Norrie,nduminiat@home.pl,United States,Engineering
Waverly,wrogisterau@youtube.com,Poland,Training
Norah,nweareav@seesaa.net,United States,Marketing
Alla,acumineaw@apple.com,Poland,Accounting
Eunice,echallicumax@sakura.ne.jp,Poland,Engineering
Erhart,ehargreaveay@alibaba.com,Poland,Services
Adriane,aflipekaz@ihg.com,United States,Training
Ilario,ilindupb0@rambler.ru,Ukraine,Human Resources
Anallese,ahumberstoneb1@angelfire.com,United States,Research and Development
Cory,cmangeonb2@linkedin.com,Poland,Business Development
Andrea,alocketb3@ox.ac.uk,Poland,Engineering
Marchall,mantoniuttib4@nih.gov,United States,Research and Development
Lindsy,lmarcosb5@last.fm,Poland,Research and Development
Carline,cnarupb6@microsoft.com,Poland,Human Resources
Agace,aellacottb7@weather.com,Poland,Product Management
Robyn,rfennellyb8@t.co,United States,Business Development
Morgen,mcooteb9@cloudflare.com,Poland,Legal
Pammie,ppresnallba@jalbum.net,Poland,Support
Charmaine,cdyballbb@myspace.com,Ukraine,Research and Development
Drucill,dlagdenbc@skype.com,United States,Product Management
Olag,ohesslebd@boston.com,United States,Human Resources
Konrad,kmatityahube@statcounter.com,United States,Marketing
Averell,aduganbf@wiley.com,United States,Business Development
Starr,saggetbg@cam.ac.uk,United States,Research and Development
Rora,rgrimwadbh@addthis.com,Poland,Training
Marielle,mgwinnbi@sciencedirect.com,Ukraine,Research and Development
Devy,dmenibj@ed.gov,Poland,Research and Development
Velvet,vyakobowitchbk@blinklist.com,United States,Sales
Nyssa,ndeinertbl@gnu.org,United States,Training
Corrianne,cbenckbm@kickstarter.com,Poland,Marketing
Wendi,winghambn@facebook.com,Ukraine,Sales
Hakeem,handraudbo@indiegogo.com,Poland,Training
Joellyn,jmccathybp@e-recht24.de,Poland,Sales
Loy,lreynoldsbq@sohu.com,United States,Legal
Abram,aaschebr@jugem.jp,Poland,Business Development
Merrily,mechbs@miibeian.gov.cn,Ukraine,Research and Development
Isidor,isunnucksbt@hostgator.com,Ukraine,Services
Belle,bbowlesworthbu@list-manage.com,United States,Training
Taddeo,tclifforthbv@clickbank.net,Ukraine,Accounting
Cyril,cmilbornbw@sourceforge.net,Ukraine,Sales
Ogdon,owestcarbx@toplist.cz,United States,Product Management
Davey,dmctrustrieby@adobe.com,United States,Business Development
Shanda,sterneybz@telegraph.co.uk,United States,Engineering
Janey,jlindc0@friendfeed.com,Ukraine,Marketing
Priscella,pallardycec1@is.gd,Poland,Human Resources
Elladine,etremblettc2@tuttocitta.it,Ukraine,Legal
Phaidra,prenoufc3@tiny.cc,Poland,Engineering
King,kdmytrykc4@mac.com,United States,Human Resources
Raddie,rstattonc5@github.com,Poland,Training
Titus,tbraidfordc6@washingtonpost.com,Poland,Services
Lauren,ltabourinc7@scientificamerican.com,Poland,Business Development
Leodora,lwootonc8@aol.com,Poland,Marketing
Shay,skinchinc9@elegantthemes.com,Poland,Research and Development
Cyrille,clorrawayca@ftc.gov,United States,Services
Con,crandlesomecb@nbcnews.com,United States,Research and Development
Jeff,jrainsdoncc@networksolutions.com,Poland,Services
Dwight,dwebbecd@biblegateway.com,Poland,Human Resources
Rayner,rmaunderce@altervista.org,Poland,Sales
Bee,bstilingcf@tiny.cc,Poland,Product Management
Fey,fungaretticg@fastcompany.com,United States,Product Management
Sauncho,sfaragherch@ted.com,Poland,Product Management
Xaviera,xmildnerci@reuters.com,United States,Legal
Federica,frastallcj@cbslocal.com,Poland,Marketing
Darcey,ddeemck@accuweather.com,Poland,Research and Development
Neron,npackwoodcl@arstechnica.com,Poland,Human Resources
Mariel,myescm@cyberchimps.com,Poland,Marketing
Neils,ndabellcn@mlb.com,United States,Business Development
Tremain,tpercifullco@etsy.com,United States,Sales
Krissy,kcasinicp@163.com,Poland,Research and Development
Carmine,ckelleghercq@cnet.com,Ukraine,Legal
Gwynne,gpriestlandcr@meetup.com,Poland,Research and Development
Ollie,omarkovichcs@discuz.net,Poland,Sales
Felizio,fdunphiect@fastcompany.com,United States,Product Management
Hugibert,htrunbycu@squarespace.com,Poland,Legal
Townsend,tburetcv@infoseek.co.jp,United States,Training
Melicent,mgregolotticw@ebay.com,Poland,Services
Joli,jpendlentoncx@unicef.org,Ukraine,Accounting
Jenilee,jtullethcy@uiuc.edu,United States,Human Resources
Bendick,bfilipchikovcz@squidoo.com,United States,Legal
Licha,lmeldond0@i2i.jp,Poland,Legal
Bria,bpettersd1@list-manage.com,Poland,Human Resources
Franchot,flehrerd2@rakuten.co.jp,India,Services
Kalie,kpetchelld3@sina.com.cn,Poland,Engineering
Ennis,ewarhurstd4@mlb.com,United States,Accounting
Galina,gsaketd5@simplemachines.org,Poland,Sales
Malissa,mdunstoned6@flavors.me,United States,Human Resources
Nevil,ncloustond7@twitpic.com,Ukraine,Human Resources
Zelda,zletcherd8@cbslocal.com,Poland,Legal
Reece,rgibbsd9@technorati.com,Poland,Support
Mannie,msinkda@state.gov,Poland,Sales
Felicle,freastdb@wix.com,Poland,Sales
Gawain,gdivelldc@xrea.com,Poland,Business Development
Lib,ldelayglesiadd@bandcamp.com,Poland,Business Development
Karyl,kepiletde@yahoo.com,Poland,Services
Anitra,akuncdf@amazon.com,Ukraine,Product Management
Gunther,gloyddg@bravesites.com,Ukraine,Marketing
Alina,abarbedh@wufoo.com,Poland,Research and Development
Chlo,croandi@usa.gov,Poland,Legal
Bronnie,byongedj@fc2.com,Poland,Legal
Louie,lgummdk@free.fr,Ukraine,Business Development
Renell,rmacleesedl@elpais.com,Ukraine,Human Resources
Murray,mgallacciodm@mac.com,United States,Business Development
Alistair,akolakdn@seattletimes.com,Poland,Research and Development
Ashly,ainsealdo@blogs.com,Ukraine,Human Resources
Shaun,smainstonedp@surveymonkey.com,Ukraine,Services
Pepi,ppopledq@answers.com,United States,Sales
Millicent,mredmaynedr@blog.com,Ukraine,Product Management
Tait,tkrzyzowskids@cyberchimps.com,Poland,Product Management
Frankie,fgilleydt@github.io,Ukraine,Engineering
Karilynn,kcapseydu@surveymonkey.com,Ukraine,Business Development
Rubia,rgilleandv@behance.net,Poland,Training
Lorene,lnenodw@flavors.me,Poland,Support
Aleksandr,acuffindx@cisco.com,Ukraine,Legal
Arthur,acurgenvendy@sciencedirect.com,Ukraine,Human Resources
Erda,emenuredz@ibm.com,Poland,Human Resources
Lynette,lbabbere0@aol.com,United States,Product Management
Lyle,lgarrete1@photobucket.com,Poland,Marketing
Wandie,wmilmoree2@salon.com,Ukraine,Product Management
Bartholomew,bremingtone3@alibaba.com,Ukraine,Human Resources
Harv,hlaverye4@quantcast.com,Poland,Marketing
Alphonso,acargene5@pcworld.com,Poland,Engineering
Indira,icastrilloe6@fc2.com,United States,Services
Margit,mfotherbye7@livejournal.com,United States,Sales
Lester,lstandringe8@wiley.com,Poland,Services
Fayre,fmckittericke9@ebay.com,Ukraine,Services
Buffy,bansleyea@pbs.org,Poland,Accounting
Angie,abassoeb@dion.ne.jp,Ukraine,Training
Mathe,mdomokosec@icq.com,Ukraine,Product Management
Omar,ogilhouleyed@cdc.gov,Poland,Product Management
Derron,dyellowleyee@bizjournals.com,Ukraine,Research and Development
Flossie,fjerokef@skype.com,Poland,Accounting
Laurie,ldelahuntyeg@simplemachines.org,United States,Legal
Manfred,mharriagneh@nps.gov,Poland,Human Resources
Audrie,awaitlandei@symantec.com,Poland,Accounting
Anabelle,afennellej@google.it,United States,Training
Jacinta,jstockwellek@go.com,United States,Training
Georgette,glocalel@wired.com,Poland,Accounting
Claudina,celdrittem@g.co,United States,Sales
Trev,tcroftsen@parallels.com,Ukraine,Human Resources
Lilly,lreuthereo@ow.ly,United States,Product Management
Shannah,scowperthwaiteep@multiply.com,United States,Services
Ingar,iconybeareq@tripod.com,Poland,Accounting
Noelle,ncaddinger@jalbum.net,Poland,Sales
Klarika,krooteses@dot.gov,United States,Sales
Candis,cmotherwellet@skype.com,Ukraine,Business Development
Nolana,npilmooreu@alexa.com,United States,Accounting
Davita,dmallingev@deliciousdays.com,Ukraine,Services
Ania,acoppledikeew@1688.com,United States,Research and Development
Emelda,emoormanex@oaic.gov.au,Poland,Services
Rey,rbiscoey@mit.edu,United States,Research and Development
Claire,cturnorez@usatoday.com,Poland,Human Resources
Moore,mcoccif0@accuweather.com,United States,Accounting
Kaylee,kpeoplef1@sciencedirect.com,Ukraine,Product Management
Lebbie,lfallanchef2@php.net,Poland,Services
Darice,dbriknerf3@google.ru,Ukraine,Services
Bowie,bmayersf4@phpbb.com,Poland,Accounting
Shayne,swharff5@patch.com,Poland,Engineering
Frannie,fblevinf6@furl.net,Poland,Legal
Elvira,eshelmerdinef7@canalblog.com,United States,Sales
Colver,cgrenshielsf8@g.co,United States,Research and Development
Chrissie,cfazakerleyf9@fema.gov,Poland,Research and Development
Delaney,dbardsleyfa@scientificamerican.com,Ukraine,Business Development
Adolphe,atrumperfb@pcworld.com,Poland,Legal
Trumaine,tmacmaykinfc@bizjournals.com,United States,Marketing
Marnia,msenoglesfd@last.fm,Poland,Research and Development
Augustin,akasperskife@pagesperso-orange.fr,United States,Business Development
Garnet,gagglioneff@cornell.edu,Ukraine,Human Resources
Byram,borrisfg@cnn.com,Ukraine,Product Management
Geri,gcecchetellifh@merriam-webster.com,Poland,Human Resources
Wallas,wmeanwellfi@123-reg.co.uk,Poland,Business Development
Marne,mthomassinfj@bbb.org,United States,Services
Otes,owarriorfk@tiny.cc,Poland,Sales
Terrijo,thadkinsfl@weather.com,United States,Product Management
Lizzy,lbischopfm@toplist.cz,United States,Product Management
Buddy,bbattrickfn@creativecommons.org,Ukraine,Research and Development
Kristofer,kbolinfo@google.es,Poland,Training
Leonid,llavingtonfp@xrea.com,United States,Support
Leeanne,lfarrensfq@behance.net,United States,Marketing
Eula,ewinscombfr@cdbaby.com,Poland,Services
Culley,caureliusfs@flavors.me,Ukraine,Training
Winfield,wmasselinft@nbcnews.com,United States,Accounting
Tessy,tmcveighfu@goodreads.com,Ukraine,Product Management
Isa,imancefv@state.tx.us,Poland,Sales
Dani,dmattesfw@youku.com,United States,Support
Adelind,amarielfx@wordpress.com,Poland,Product Management
Vivien,vpumphreysfy@mapquest.com,United States,Marketing
Mamie,mheminsleyfz@dropbox.com,Poland,Services
Adrianna,ajanjusevicg0@flavors.me,United States,Accounting
Carolee,chinchamg1@stumbleupon.com,Ukraine,Product Management
Murdock,mrosenfeltg2@simplemachines.org,Poland,Accounting
Wrennie,weborng3@bloomberg.com,United States,Services
Scotti,sstebbingsg4@nbcnews.com,United States,Support
Annissa,apetraccog5@epa.gov,Ukraine,Services
Minor,mstrathmang6@etsy.com,Poland,Human Resources
Josefa,jbyersg7@webnode.com,Ukraine,Services
Currey,csutterbyg8@cyberchimps.com,Ukraine,Human Resources
Bary,bdanbig9@biglobe.ne.jp,Poland,Support
Zebulen,zgotga@zdnet.com,Poland,Engineering
Pauly,pdurramgb@economist.com,Poland,Business Development
Randy,rdyegc@businessweek.com,United States,Sales
Perla,ppostlewhitegd@blogtalkradio.com,Ukraine,Research and Development
Fritz,fivashintsovge@tinyurl.com,Poland,Accounting
Silvanus,skondrachenkogf@economist.com,Poland,Business Development
Ellie,ebittlestonegg@hud.gov,United States,Services
Edin,ededomenicisgh@imgur.com,Poland,Services
Nat,npanksgi@about.com,United States,Support
Matthieu,mmcloneygj@qq.com,Poland,Research and Development
Marie-jeanne,mruhbengk@sakura.ne.jp,Poland,Human Resources
Lou,lrandellgl@facebook.com,United States,Human Resources
Harcourt,howbrickgm@cbsnews.com,United States,Support
Lyndell,lmessinghamgn@dedecms.com,Poland,Marketing
Noak,nbenthallgo@altervista.org,Ukraine,Legal
Hobey,htottgp@vinaora.com,Poland,Engineering
Sashenka,spallygq@scientificamerican.com,Ukraine,Accounting
Andromache,abigmoregr@mlb.com,Poland,Support
Hephzibah,hgeraldgs@weebly.com,Poland,Accounting
Clarence,cpetricekgt@nbcnews.com,Poland,Business Development
Karla,kharlygu@techcrunch.com,Poland,Accounting
Ronald,rbibbygv@amazon.co.jp,United States,Training
Renie,rtemblettgw@slate.com,Ukraine,Support
Laney,ldewhirstgx@sina.com.cn,Poland,Engineering
Salem,sdemageardgy@dell.com,United States,Research and Development
Chev,cpitchergz@skype.com,Poland,Accounting
Shepherd,sfearnh0@house.gov,Poland,Services
Yasmin,ywinteringhamh1@over-blog.com,Poland,Services
Irma,idummetth2@unc.edu,Poland,Product Management
Jo ann,jjobbingh3@bizjournals.com,Ukraine,Support
Keir,kwarmingtonh4@umich.edu,Poland,Legal
Matthus,msworderh5@live.com,Ukraine,Human Resources
Beauregard,bwhysallh6@networksolutions.com,United States,Human Resources
Rodrique,rlegriceh7@merriam-webster.com,Ukraine,Training
Joline,jespyh8@soundcloud.com,United States,Marketing
Sharity,sissatth9@wired.com,Ukraine,Engineering
Jayson,jbardenha@comcast.net,Poland,Sales
Pat,pgethinghb@pagesperso-orange.fr,Poland,Sales
Leda,ldellohc@admin.ch,Poland,Marketing
Julita,jhatjehd@hc360.com,Poland,Accounting
Prudy,pzupahe@mashable.com,Poland,Research and Development
Sibyl,sgreenleeshf@e-recht24.de,United States,Human Resources
Radcliffe,rtattertonhg@edublogs.org,United States,Product Management
Jessamine,jgyveshh@aboutads.info,Poland,Training
Nanine,nacoryhi@earthlink.net,Poland,Business Development
Xerxes,xcrabbhj@i2i.jp,Poland,Support
Corina,cmcgrottyhk@ask.com,Poland,Accounting
Romona,rwotherspoonhl@bloomberg.com,United States,Human Resources
Sylvan,shumpherstonhm@clickbank.net,Poland,Marketing
Alfreda,aragothn@ehow.com,Poland,Legal
Gray,gperchardho@skyrock.com,Ukraine,Sales
Thorn,twardallhp@networkadvertising.org,United States,Product Management
Maxie,mcarsshq@diigo.com,Ukraine,Support
Janette,jroccohr@google.ru,United States,Support
Kristel,kbristowehs@java.com,Poland,Marketing
Hunter,hmunktonht@ask.com,Ukraine,Engineering
Carlynne,ctrusslerhu@un.org,Poland,Legal
Doll,dscinellihv@nsw.gov.au,Poland,Business Development
Pembroke,pgarronhw@answers.com,Poland,Support
Delmor,dgrimditchhx@naver.com,United States,Product Management
Donetta,dgieveshy@myspace.com,United States,Training
Saba,sklempkehz@google.com.hk,Poland,Services
Nevile,npettendrichi0@phoca.cz,Poland,Marketing
Klarrisa,keslandi1@cmu.edu,Poland,Legal
Belle,bwhaymani2@e-recht24.de,Poland,Engineering
Fulton,fmackayi3@ask.com,Ukraine,Marketing
Marianna,mkalvini4@discuz.net,Ukraine,Human Resources
Shelbi,sloisii5@sbwire.com,Ukraine,Accounting
Freemon,fagusi6@1und1.de,Ukraine,Marketing
Clemmy,cfrancktoni7@sciencedirect.com,Ukraine,Sales
Phedra,peiversi8@xinhuanet.com,United States,Human Resources
Luce,lvarahi9@newyorker.com,Poland,Marketing
Sarine,ssaffenia@usa.gov,Ukraine,Marketing
Gasparo,gpuesib@artisteer.com,United States,Support
Delora,dfranscioniic@simplemachines.org,United States,Marketing
Abner,adarwinid@berkeley.edu,Ukraine,Product Management
Valentino,vlampaertie@mail.ru,United States,Human Resources
Darbee,dhaygreenif@vkontakte.ru,Poland,Support
Jeanine,jinmettig@com.com,Poland,Legal
Geordie,gsandallih@nytimes.com,Ukraine,Marketing
Bonnibelle,bstrangewaysii@uiuc.edu,Poland,Legal
Emmy,echaffynij@technorati.com,United States,Legal
Mufinella,maneleyik@unc.edu,United States,Legal
Dunn,dloxstonil@weebly.com,Poland,Sales
Rhoda,rmuroim@github.com,United States,Sales
Ilyse,iporchin@naver.com,United States,Business Development
Glendon,glimbio@guardian.co.uk,Ukraine,Legal
Kenon,kaitkinip@google.fr,Ukraine,Support
Sayre,sruddiq@lycos.com,Ukraine,Research and Development
Karilynn,kfinnieir@addtoany.com,Ukraine,Training
Wadsworth,wspreyis@nsw.gov.au,Poland,Sales
Putnem,plaxit@indiatimes.com,Ukraine,Sales
Julee,jjirasiu@senate.gov,United States,Services
Ricca,rnooriv@sitemeter.com,Ukraine,Accounting
Reamonn,rmunroeiw@dedecms.com,Ukraine,Business Development
Blake,bcaskieix@discuz.net,Poland,Legal
Tobe,tmanshawiy@squidoo.com,Poland,Support
Garvin,glumbiz@youku.com,United States,Business Development
Morgen,mkahnj0@ebay.com,Poland,Accounting
Joelly,jbaswallj1@jugem.jp,United States,Sales
Joelle,jkobaj2@google.com.au,Poland,Research and Development
Korry,kexrolj3@woothemes.com,Poland,Business Development
Irene,iprycej4@ow.ly,United States,Human Resources
Karl,kwathanj5@loc.gov,Poland,Research and Development
Shandra,shrishchenkoj6@123-reg.co.uk,United States,Product Management
Verney,vevamyj7@hao123.com,Ukraine,Support
Blisse,bparishj8@wordpress.com,Poland,Marketing
Pascal,pmitfordj9@aboutads.info,Poland,Business Development
Robinetta,rcordeja@usa.gov,Poland,Support
Benn,bmacadamjb@sciencedirect.com,United States,Sales
Shelby,ssabertonjc@sbwire.com,Poland,Human Resources
Zebedee,zhalltjd@mail.ru,Ukraine,Training
Carry,cofogartyje@techcrunch.com,United States,Legal
Kelly,kflodejf@moonfruit.com,Poland,Accounting
Chan,cgoaksjg@bluehost.com,United States,Services
Kacie,kspohrmannjh@issuu.com,Poland,Legal
Deni,dbastoneji@stanford.edu,United States,Marketing
Thorsten,todoranjj@discuz.net,United States,Sales
Cross,cgreydonjk@go.com,United States,Research and Development
Pooh,pgammilljl@weebly.com,Poland,Marketing
Susi,sgirdwoodjm@twitter.com,Ukraine,Human Resources
Hannis,hcohrjn@jimdo.com,United States,Training
Hannah,hschaumakerjo@techcrunch.com,United States,Sales
Roi,rsigmundjp@abc.net.au,Poland,Support
Brunhilda,bgreimjq@mapy.cz,United States,Marketing
Daphna,dleistjr@behance.net,Poland,Business Development
Way,whuskjs@nymag.com,Poland,Marketing
Dee,demeryjt@yelp.com,Poland,Business Development
Dannie,dobrianju@livejournal.com,Poland,Product Management
Ben,baynoldjv@google.com.au,United States,Training
Lanette,lletrangejw@wufoo.com,Poland,Training
Theadora,tmabbsjx@wisc.edu,Poland,Marketing
Massimo,mbockhjy@gnu.org,Poland,Business Development
Allix,astivenjz@aol.com,Ukraine,Sales
Luce,lelmhirstk0@woothemes.com,Poland,Research and Development
Danyette,dstairsk1@reddit.com,Ukraine,Research and Development
Richart,rgardenerk2@google.fr,United States,Legal
Pammi,pbollardk3@vimeo.com,United States,Engineering
Karin,kpersickek4@example.com,Ukraine,Services
Josie,jfoltink5@geocities.jp,United States,Research and Development
Micheal,mbortoluttik6@1und1.de,United States,Support
Nedi,nmateusk7@yale.edu,Poland,Business Development
Walton,wgothrupk8@sitemeter.com,Poland,Support
Felizio,fpimblettk9@youtu.be,United States,Sales
Ingeberg,ifoulshamka@samsung.com,Poland,Sales
Norri,nbaggelleykb@meetup.com,Poland,Marketing
Cyril,cpiegromekc@weibo.com,United States,Research and Development
Brittan,bfolikd@msu.edu,Poland,Accounting
Siusan,ssousake@eventbrite.com,Ukraine,Services
Andrew,astaggekf@exblog.jp,Poland,Support
Agnella,atinkhamkg@nyu.edu,Ukraine,Engineering
Pincus,pboeckekh@home.pl,Poland,Human Resources
Elsi,evanyutinki@de.vu,United States,Accounting
Axel,ablouetkj@howstuffworks.com,Poland,Accounting
Dominic,ddrablekk@oracle.com,Poland,Services
Timmy,tfiddlerkl@so-net.ne.jp,Ukraine,Services
Marti,mschafflerkm@wordpress.org,Ukraine,Research and Development
Darius,dbeddoeskn@indiegogo.com,United States,Product Management
Conway,cyanshonokko@ca.gov,United States,Engineering
Colline,cbillingtonkp@hc360.com,Ukraine,Human Resources
Griff,gnutonkq@oracle.com,Ukraine,Training
Kennedy,kroubottomkr@macromedia.com,Poland,Legal
Tadeas,tfaughnyks@hostgator.com,United States,Accounting
Timothy,tdemeyerkt@mail.ru,United States,Business Development
Karlan,kaitchesonku@independent.co.uk,Poland,Training
Cora,cgiacubokv@drupal.org,United States,Research and Development
Zenia,zandrichkw@163.com,United States,Training
Abie,arositakx@toplist.cz,Poland,Sales
Danya,dwistanceky@storify.com,Ukraine,Product Management
Sena,srosenbushkz@alibaba.com,United States,Sales
Wilona,wkilmaryl0@google.com.hk,Ukraine,Support
Giovanni,gclayhilll1@ebay.co.uk,Poland,Support
Philbert,peveritl2@google.ru,Poland,Sales
Tris,twillsl3@cnet.com,Poland,Support
Jimmie,jkleinertl4@ihg.com,Ukraine,Services
Mile,mgouckl5@nifty.com,Ukraine,Business Development
Alfie,abinksl6@google.ca,Ukraine,Business Development
Swen,ssemradl7@domainmarket.com,Poland,Legal
Jonathan,jkingabyl8@rediff.com,United States,Support
Horst,hmelsoml9@g.co,Poland,Accounting
Catina,chegleyla@ustream.tv,Poland,Services
Shanta,sjoynerlb@oaic.gov.au,Poland,Product Management
Robby,rkennicottlc@patch.com,Poland,Services
Cordell,cscroobyld@goo.ne.jp,Ukraine,Research and Development
Gizela,gjekyllle@ucla.edu,Ukraine,Human Resources
Alvera,abeginlf@psu.edu,United States,Services
Michal,mbyrthlg@joomla.org,United States,Research and Development
Donavon,drenackownalh@angelfire.com,United States,Engineering
Shell,sstrachanli@scientificamerican.com,Poland,Support
Galvan,gshepleylj@howstuffworks.com,Poland,Human Resources
Melodee,mvolantelk@columbia.edu,Ukraine,Sales
Hanni,hwarhamll@topsy.com,United States,Business Development
Grazia,grumminslm@google.co.jp,Poland,Legal
Homerus,hdemarcoln@acquirethisname.com,Poland,Services
Salem,smarvenlo@4shared.com,Ukraine,Research and Development
Bren,blitchmorelp@bravesites.com,Poland,Human Resources
Prue,plyddyardlq@studiopress.com,United States,Training
Gerrie,gollanderlr@over-blog.com,Ukraine,Training
Cami,cgeistbeckls@github.io,Poland,Engineering
Gilda,gbickstethlt@sourceforge.net,Poland,Services
Sonny,scoverleylu@topsy.com,Poland,Training
Dedie,dclubleylv@ask.com,Poland,Support
Rowena,rbrahanlw@wp.com,United States,Accounting
Gus,gmichielilx@theguardian.com,Poland,Legal
Jilli,jklammanly@discuz.net,Ukraine,Business Development
Modesty,mdulwitchlz@cnet.com,Ukraine,Training
Jermain,jsyddonm0@blogtalkradio.com,United States,Research and Development
Candida,cfilgatem1@privacy.gov.au,Poland,Marketing
Lorrin,lmapplesm2@examiner.com,Poland,Accounting
Mikel,mjindrakm3@yellowbook.com,United States,Business Development
Maximilianus,mhuckelm4@trellian.com,United States,Training
Bunni,bedmedm5@google.de,Poland,Accounting
Inez,idablinm6@unesco.org,Ukraine,Accounting
Dennie,ddillowaym7@unblog.fr,Ukraine,Legal
Koo,kmannionm8@lulu.com,United States,Business Development
Alisha,awornhamm9@google.fr,Ukraine,Support
Abey,afindenma@shareasale.com,Poland,Engineering
Jess,jvowellsmb@bbb.org,Poland,Sales
Lillian,lamthormc@uol.com.br,United States,Accounting
Letisha,lcluniemd@4shared.com,United States,Accounting
Bret,byegorshinme@slideshare.net,Poland,Engineering
Kendal,kwingfieldmf@unblog.fr,Poland,Sales
Vyky,vsmallsmg@statcounter.com,Poland,Accounting
Park,pkinneallymh@cdc.gov,Poland,Accounting
Diego,dgodlontonmi@istockphoto.com,Poland,Engineering
Justine,jmacanespiemj@imgur.com,United States,Support
Den,dcannicottmk@intel.com,Poland,Research and Development
Lewie,lreglarml@comsenz.com,Poland,Engineering
Austin,aschneidaumm@altervista.org,Poland,Sales
Dalston,drispenmn@virginia.edu,Poland,Sales
Alexis,abrokenshawmo@about.me,United States,Sales
Clarie,clyfemp@salon.com,Ukraine,Sales
Misty,mcolletemq@ftc.gov,Poland,Business Development
Dulci,dgibberdmr@cbsnews.com,Poland,Product Management
Curran,candryuninms@archive.org,Ukraine,Human Resources
Der,dwoodsfordmt@newyorker.com,United States,Research and Development
Buffy,bmealemu@discovery.com,United States,Legal
Gianna,gklimtmv@stanford.edu,Ukraine,Research and Development
Glory,gduntonmw@harvard.edu,United States,Research and Development
Danny,dcoopermx@hhs.gov,United States,Product Management
Yancy,ymcglademy@adobe.com,United States,Support
Linnell,ldealtrymz@howstuffworks.com,United States,Legal
Alayne,aclearleyn0@ameblo.jp,United States,Marketing
Angelle,adunyn1@odnoklassniki.ru,Poland,Research and Development
Blinny,bgarvinn2@reference.com,Poland,Legal
Jacky,jbaudainsn3@a8.net,United States,Human Resources
Hardy,hseelbachn4@yahoo.co.jp,United States,Legal
Estevan,eogdahln5@sphinn.com,United States,Training
Lindy,lshimukn6@oaic.gov.au,United States,Marketing
Hayyim,hcurmann7@baidu.com,Poland,Business Development
Karol,kthyingn8@sfgate.com,United States,Marketing
Howard,hbremondn9@rakuten.co.jp,United States,Product Management
Bianca,beptonna@sbwire.com,Poland,Training
Clayton,cgoulbournnb@topsy.com,United States,Product Management
Eduino,eperroninc@ustream.tv,Ukraine,Legal
Trace,tturneauxnd@posterous.com,Ukraine,Marketing
Griffith,gberntne@wix.com,Ukraine,Training
Pauline,ptitcumbnf@uol.com.br,Poland,Marketing
Mable,mgocherng@pbs.org,Poland,Training
Hillary,hpostancenh@stanford.edu,Poland,Human Resources
Jeffrey,jkirdschni@aboutads.info,United States,Business Development
Debor,dburynj@lycos.com,Poland,Business Development
Willem,wrushworthnk@yellowbook.com,Poland,Accounting
Hedvig,hpincottnl@simplemachines.org,Poland,Engineering
Ben,boleszczaknm@ning.com,Ukraine,Support
Carie,coflannerynn@bandcamp.com,Ukraine,Accounting
Griffith,gaffleckno@examiner.com,Poland,Sales
Dore,dsouthonnp@noaa.gov,United States,Legal
Mayne,mpopplestonenq@hexun.com,Poland,Sales
Lilllie,lcreamernr@deviantart.com,Poland,Training
Myranda,mmarcinkowskins@zimbio.com,United States,Services
Frayda,fhendricksnt@squidoo.com,Ukraine,Training
Brigg,bgregonnu@i2i.jp,United States,Marketing
Amble,amabbsnv@va.gov,United States,Training
Glenden,gbergeonnw@sfgate.com,Poland,Accounting
Electra,erhoddienx@macromedia.com,Ukraine,Legal
Edwina,ehutchinsny@nasa.gov,United States,Services
Malorie,mtwinnnz@bizjournals.com,Poland,Services
Carlyle,chughmano0@woothemes.com,United States,Engineering
Nichol,nmacilhencho1@yandex.ru,Poland,Business Development
Isabella,isimonoto2@artisteer.com,Poland,Product Management
Reg,rrolleso3@eepurl.com,Poland,Product Management
Arabelle,astranaghano4@qq.com,United States,Engineering
Lionello,lstachinio5@i2i.jp,Poland,Human Resources
Yolande,yrosleo6@irs.gov,United States,Product Management
Jerad,jlaimableo7@wordpress.org,United States,Training
Cleavland,ckyndo8@ucsd.edu,United States,Human Resources
Cecil,cdevenisho9@microsoft.com,United States,Human Resources
Nannie,nsigsworthoa@cpanel.net,United States,Support
Jared,jschollickob@usatoday.com,Ukraine,Sales
Griffith,gvalentioc@wsj.com,Poland,Support
Nathalia,nirelandod@cdbaby.com,United States,Services
Giffy,gmccoryoe@wordpress.org,United States,Business Development
Baird,bcoleshillof@foxnews.com,Poland,Research and Development
Elvyn,erosebladeog@admin.ch,United States,Engineering
Othella,odionsettioh@ted.com,Ukraine,Sales
Silvain,sgrugerroi@elegantthemes.com,Ukraine,Engineering
Pippa,pmelodyoj@slideshare.net,Poland,Sales
Terrance,tpriestnallok@ft.com,Poland,Accounting
Zacharie,zyurkiewiczol@photobucket.com,United States,Training
Zorine,zcolquitom@liveinternet.ru,United States,Product Management
Dorie,dashon@comsenz.com,Poland,Business Development
Greer,gshrubsalloo@wordpress.com,Poland,Sales
Phelia,pheimannop@netscape.com,Poland,Services
Teirtza,tcammidgeoq@dmoz.org,Poland,Product Management
Nolan,nknappenor@google.es,Ukraine,Accounting
Max,mtowseos@utexas.edu,Ukraine,Legal
Sollie,sluxenot@skype.com,United States,Marketing
Regan,rbeechamou@sphinn.com,Poland,Business Development
Lannie,lgregerov@multiply.com,Ukraine,Services
Norry,nwattsow@senate.gov,Poland,Accounting
Brynn,brizziniox@bloglovin.com,Poland,Accounting
Berti,bkillineroy@cloudflare.com,Ukraine,Marketing
Elmo,epichmannoz@live.com,Poland,Business Development
Terrell,thovendenp0@meetup.com,Ukraine,Support
Alessandro,abrakep1@buzzfeed.com,United States,Marketing
Ingaborg,iguilaemp2@lycos.com,Poland,Human Resources
Adelheid,aaubertp3@nymag.com,Poland,Business Development
Briney,bcoleyshawp4@telegraph.co.uk,United States,Sales
Anetta,aottewillp5@google.it,United States,Business Development
Care,cferraronp6@dell.com,Poland,Product Management
Brant,bfiddlerp7@wufoo.com,Ukraine,Engineering
Fidelio,fmcfeatp8@soundcloud.com,Poland,Sales
Kayley,kedinburghp9@cdc.gov,Ukraine,Marketing
Josey,jgalileepa@senate.gov,Poland,Accounting
Ola,ocoshpb@cbc.ca,Poland,Human Resources
Wesley,wlabbetpc@creativecommons.org,Poland,Sales
Gustie,gstaceypd@privacy.gov.au,United States,Business Development
Inesita,inewispe@gnu.org,United States,Human Resources
Else,estrelitzerpf@slideshare.net,Poland,Human Resources
King,kjadospg@wp.com,United States,Engineering
Travers,twalthewph@cocolog-nifty.com,Poland,Legal
Beck,bruppelpi@facebook.com,Poland,Training
Jermayne,jjanjicpj@umn.edu,United States,Research and Development
Francesco,fthewyspk@cloudflare.com,Poland,Accounting
Lyndell,lbentsonpl@craigslist.org,United States,Legal
Bella,bbustonpm@reference.com,Poland,Training
Ellette,ewhyffenpn@disqus.com,Ukraine,Business Development
Joceline,jgirardeypo@chron.com,Poland,Services
Loleta,lketleypp@buzzfeed.com,Ukraine,Support
Jonell,jkloserpq@theguardian.com,United States,Accounting
Oliy,ozealpr@nationalgeographic.com,Ukraine,Human Resources
Stavro,ssimkovichps@npr.org,Poland,Research and Development
Jacinda,jowerspt@paypal.com,United States,Sales
Carmencita,cpowyspu@tinyurl.com,Poland,Support
Geneva,glawlingpv@delicious.com,Ukraine,Marketing
Egbert,esorbeypw@msu.edu,Poland,Accounting
Oran,osaurpx@unblog.fr,Poland,Research and Development
Maddalena,mlowndespy@istockphoto.com,Poland,Legal
Osborn,osaundercockpz@sun.com,Ukraine,Research and Development
Pauletta,ppaxefordq0@rediff.com,Poland,Business Development
Loren,laustenq1@answers.com,Poland,Product Management
Erminia,ewiltsherq2@hugedomains.com,United States,Services
Christian,csemourq3@netscape.com,United States,Business Development
Tawsha,tgethingq4@wiley.com,Ukraine,Product Management
Crin,crowdenq5@studiopress.com,Ukraine,Services
Rollin,rhaynesfordq6@cyberchimps.com,United States,Business Development
Jasen,jortigaq7@livejournal.com,United States,Product Management
Shayna,sdimancheq8@washington.edu,United States,Support
Madelin,malfq9@europa.eu,United States,Human Resources
Hannis,hboldeckeqa@zimbio.com,United States,Accounting
Felice,fmorysonqb@ibm.com,Ukraine,Engineering
Kym,kfolanqc@blog.com,Poland,Business Development
Wilone,wackhurstqd@e-recht24.de,Poland,Services
Kellina,kharrowayqe@wunderground.com,Ukraine,Support
Donnie,dsegarqf@amazon.de,Poland,Research and Development
Trixy,tlukovicqg@nasa.gov,Poland,Marketing
Rustie,rbartropqh@youku.com,Poland,Marketing
Selina,sfurmageqi@microsoft.com,Ukraine,Training
Ailene,afearbyqj@adobe.com,United States,Training
Phaidra,psevierqk@patch.com,United States,Services
Jodee,jfolliql@people.com.cn,United States,Business Development
Florentia,fjoistqm@google.ca,United States,Support
Felic,fwilkesqn@fotki.com,Poland,Human Resources
Joye,jcraythorneqo@cmu.edu,Poland,Legal
Esther,ebadseyqp@japanpost.jp,Ukraine,Services
Gerianne,ggeillqq@macromedia.com,Poland,Engineering
Donella,dwaldieqr@altervista.org,Poland,Human Resources
Tilda,tmerkleqs@mapquest.com,Poland,Services
Berkley,bfayerbrotherqt@stumbleupon.com,Poland,Legal
Rourke,ryakunchikovqu@dot.gov,United States,Engineering
Ursulina,ubalharrieqv@toplist.cz,Ukraine,Support
Carney,cfloundersqw@bloomberg.com,Poland,Sales
Diena,dskeatsqx@businesswire.com,Poland,Human Resources
Brandtr,bohalloranqy@prnewswire.com,Poland,Research and Development
Florina,fspavinsqz@desdev.cn,Poland,Sales
Feliza,fbranstonr0@foxnews.com,Poland,Research and Development
Hesther,hfranssenr1@china.com.cn,Poland,Support
Mada,mdufrayr2@techcrunch.com,Poland,Sales
Nancie,nsarfassr3@washingtonpost.com,Poland,Support
Saundra,sdranfieldr4@dmoz.org,United States,Accounting
Harli,hroxburghr5@businessinsider.com,United States,Support
Herve,hlarmettr6@homestead.com,Poland,Sales
Konstantin,kmattissonr7@patch.com,United States,Human Resources
Berky,btessingtonr8@posterous.com,Poland,Marketing
Haroun,hmcmeekanr9@jalbum.net,Ukraine,Product Management
Lucas,llibrerosra@mysql.com,Ukraine,Engineering
Carleen,cfisbburnerb@ucla.edu,Poland,Business Development
Maria,msleathrc@phoca.cz,United States,Accounting
Karrie,kmellodyrd@redcross.org,Poland,Support
Fanchette,fgreenmanre@reference.com,Poland,Marketing
Kelsey,kmaygerrf@java.com,Poland,Business Development
Trixie,twartonrg@virginia.edu,Poland,Product Management
Gonzales,ggrichukhinrh@csmonitor.com,United States,Research and Development
Neal,nbeilbyri@sina.com.cn,United States,Accounting
Kellen,kpeacockerj@amazon.co.jp,Ukraine,Legal
Elianore,edowserk@yolasite.com,Poland,Sales
Flora,fpenningsrl@list-manage.com,Poland,Sales
Kayle,ksylvesterrm@smugmug.com,Poland,Services
Cori,cbrannorn@tripadvisor.com,Poland,Sales
Janenna,jottleyro@dmoz.org,Poland,Services
Kellen,kgierrp@bigcartel.com,Poland,Sales
Sandro,scopprq@google.nl,Poland,Research and Development
Adena,amaindsrr@china.com.cn,Poland,Marketing
